{"time_interval": "1min", "ts_type": "univariate", "model": "knn-dtw-sakoe", "test": {"report": {"1": {"precision": 0.99568345323741, "recall": 0.847001223990208, "f1-score": 0.9153439153439153, "support": 817.0}, "2": {"precision": 0.9527410207939508, "recall": 0.9988109393579072, "f1-score": 0.9752321981424149, "support": 2523.0}, "accuracy": 0.9616766467065868, "macro avg": {"precision": 0.9742122370156805, "recall": 0.9229060816740576, "f1-score": 0.9452880567431652, "support": 3340.0}, "weighted avg": {"precision": 0.9632452026221863, "recall": 0.9616766467065868, "f1-score": 0.9605828786674526, "support": 3340.0}}, "fttar": 0.004335260115606936, "fpr": 1.0, "fdr": 0.004316546762589928}}
{"time_interval": "1min", "ts_type": "univariate", "model": "lstm", "test": {"report": {"1": {"precision": 1.0, "recall": 0.9865361077111383, "f1-score": 0.9932224276032039, "support": 817.0}, "2": {"precision": 0.9956590370955012, "recall": 1.0, "f1-score": 0.9978247973106585, "support": 2523.0}, "accuracy": 0.9967065868263473, "macro avg": {"precision": 0.9978295185477506, "recall": 0.9932680538555692, "f1-score": 0.9955236124569312, "support": 3340.0}, "weighted avg": {"precision": 0.9967208834107633, "recall": 0.9967065868263473, "f1-score": 0.996699008073835, "support": 3340.0}}, "fttar": 0.0, "fpr": 0, "fdr": 0.0}}
{"time_interval": "1min", "ts_type": "multivariate", "model": "lstm", "test": {"report": {"1": {"precision": 1.0, "recall": 1.0, "f1-score": 1.0, "support": 817.0}, "2": {"precision": 1.0, "recall": 1.0, "f1-score": 1.0, "support": 2523.0}, "accuracy": 1.0, "macro avg": {"precision": 1.0, "recall": 1.0, "f1-score": 1.0, "support": 3340.0}, "weighted avg": {"precision": 1.0, "recall": 1.0, "f1-score": 1.0, "support": 3340.0}}, "fttar": 0.0, "fpr": 0, "fdr": 0.0}}
{"time_interval": "1min", "ts_type": "univariate", "model": "lstm", "test": {"report": {"1": {"precision": 1.0, "recall": 0.7282741738066095, "f1-score": 0.8427762039660056, "support": 817.0}, "2": {"precision": 0.9191256830601093, "recall": 1.0, "f1-score": 0.9578587699316629, "support": 2523.0}, "accuracy": 0.9335329341317365, "macro avg": {"precision": 0.9595628415300547, "recall": 0.8641370869033047, "f1-score": 0.9003174869488342, "support": 3340.0}, "weighted avg": {"precision": 0.9389084126828311, "recall": 0.9335329341317365, "f1-score": 0.9297083338855724, "support": 3340.0}}, "fttar": 0.0, "fpr": 0, "fdr": 0.0}}
{"time_interval": "1min", "ts_type": "multivariate", "model": "lstm", "test": {"report": {"1": {"precision": 1.0, "recall": 1.0, "f1-score": 1.0, "support": 817.0}, "2": {"precision": 1.0, "recall": 1.0, "f1-score": 1.0, "support": 2523.0}, "accuracy": 1.0, "macro avg": {"precision": 1.0, "recall": 1.0, "f1-score": 1.0, "support": 3340.0}, "weighted avg": {"precision": 1.0, "recall": 1.0, "f1-score": 1.0, "support": 3340.0}}, "fttar": 0.0, "fpr": 0, "fdr": 0.0}}
{"time_interval": "1min", "ts_type": "multivariate", "model": "knn-dtw-sakoe", "test": {"report": {"1": {"precision": 1.0, "recall": 0.9987760097919217, "f1-score": 0.9993876301285977, "support": 817.0}, "2": {"precision": 0.9996038034865293, "recall": 1.0, "f1-score": 0.9998018624925699, "support": 2523.0}, "accuracy": 0.9997005988023953, "macro avg": {"precision": 0.9998019017432647, "recall": 0.9993880048959609, "f1-score": 0.9995947463105838, "support": 3340.0}, "weighted avg": {"precision": 0.9997007174241058, "recall": 0.9997005988023953, "f1-score": 0.9997005367915622, "support": 3340.0}}, "fttar": 0.0, "fpr": 0, "fdr": 0.0}}
{"time_interval": "1min", "ts_type": "multivariate", "model": "knn-dtw-itakura", "test": {"report": {"1": {"precision": 1.0, "recall": 0.9987760097919217, "f1-score": 0.9993876301285977, "support": 817.0}, "2": {"precision": 0.9996038034865293, "recall": 1.0, "f1-score": 0.9998018624925699, "support": 2523.0}, "accuracy": 0.9997005988023953, "macro avg": {"precision": 0.9998019017432647, "recall": 0.9993880048959609, "f1-score": 0.9995947463105838, "support": 3340.0}, "weighted avg": {"precision": 0.9997007174241058, "recall": 0.9997005988023953, "f1-score": 0.9997005367915622, "support": 3340.0}}, "fttar": 0.0, "fpr": 0, "fdr": 0.0}}

{"time_interval": "1min", "ts_type": "univariate", "model": "knn-dtw-sakoe", "test": {"report": {"1": {"precision": 0.9898697539797395, "recall": 0.8372093023255814, "f1-score": 0.9071618037135278, "support": 817.0}, "2": {"precision": 0.9497923744809362, "recall": 0.9972255251684503, "f1-score": 0.9729311678267595, "support": 2523.0}, "accuracy": 0.9580838323353293, "macro avg": {"precision": 0.9698310642303378, "recall": 0.9172174137470159, "f1-score": 0.9400464857701436, "support": 3340.0}, "weighted avg": {"precision": 0.9595957334780986, "recall": 0.9580838323353293, "f1-score": 0.9568432724733132, "support": 3340.0}}, "fttar": 0.01023391812865497, "fpr": 1.0, "fdr": 0.010130246020260492}}
{"time_interval": "1min", "ts_type": "univariate", "model": "knn-dtw-itakura", "test": {"report": {"1": {"precision": 0.9898697539797395, "recall": 0.8372093023255814, "f1-score": 0.9071618037135278, "support": 817.0}, "2": {"precision": 0.9497923744809362, "recall": 0.9972255251684503, "f1-score": 0.9729311678267595, "support": 2523.0}, "accuracy": 0.9580838323353293, "macro avg": {"precision": 0.9698310642303378, "recall": 0.9172174137470159, "f1-score": 0.9400464857701436, "support": 3340.0}, "weighted avg": {"precision": 0.9595957334780986, "recall": 0.9580838323353293, "f1-score": 0.9568432724733132, "support": 3340.0}}, "fttar": 0.01023391812865497, "fpr": 1.0, "fdr": 0.010130246020260492}}
{"time_interval": "1min", "ts_type": "multivariate", "model": "knn-dtw-sakoe", "test": {"report": {"1": {"precision": 0.9987775061124694, "recall": 1.0, "f1-score": 0.999388379204893, "support": 817.0}, "2": {"precision": 1.0, "recall": 0.9996036464526358, "f1-score": 0.9998017839444995, "support": 2523.0}, "accuracy": 0.9997005988023953, "macro avg": {"precision": 0.9993887530562346, "recall": 0.9998018232263179, "f1-score": 0.9995950815746962, "support": 3340.0}, "weighted avg": {"precision": 0.9997009648185291, "recall": 0.9997005988023953, "f1-score": 0.9997006606893323, "support": 3340.0}}, "fttar": 0.0012239902080783353, "fpr": 1.0, "fdr": 0.0012224938875305623}}
{"time_interval": "1min", "ts_type": "multivariate", "model": "knn-dtw-itakura", "test": {"report": {"1": {"precision": 0.9987775061124694, "recall": 1.0, "f1-score": 0.999388379204893, "support": 817.0}, "2": {"precision": 1.0, "recall": 0.9996036464526358, "f1-score": 0.9998017839444995, "support": 2523.0}, "accuracy": 0.9997005988023953, "macro avg": {"precision": 0.9993887530562346, "recall": 0.9998018232263179, "f1-score": 0.9995950815746962, "support": 3340.0}, "weighted avg": {"precision": 0.9997009648185291, "recall": 0.9997005988023953, "f1-score": 0.9997006606893323, "support": 3340.0}}, "fttar": 0.0012239902080783353, "fpr": 1.0, "fdr": 0.0012224938875305623}}

{"time_interval": "1min", "ts_type": "univariate", "model": "knn-dtw-soft", "test": {"report": {"1": {"precision": 0.9956958393113343, "recall": 0.8494492044063647, "f1-score": 0.916776750330251, "support": 817.0}, "2": {"precision": 0.9534619750283768, "recall": 0.9988109393579072, "f1-score": 0.975609756097561, "support": 2523.0}, "accuracy": 0.9622754491017964, "macro avg": {"precision": 0.9745789071698556, "recall": 0.9241300718821359, "f1-score": 0.9461932532139059, "support": 3340.0}, "weighted avg": {"precision": 0.9637928334472918, "recall": 0.9622754491017964, "f1-score": 0.9612185687586712, "support": 3340.0}}, "fttar": 0.004322766570605188, "fpr": 1.0, "fdr": 0.00430416068866571}}
{"time_interval": "1min", "ts_type": "multivariate", "model": "knn-dtw-soft", "test": {"report": {"1": {"precision": 1.0, "recall": 1.0, "f1-score": 1.0, "support": 817.0}, "2": {"precision": 1.0, "recall": 1.0, "f1-score": 1.0, "support": 2523.0}, "accuracy": 1.0, "macro avg": {"precision": 1.0, "recall": 1.0, "f1-score": 1.0, "support": 3340.0},