{"time_interval": "15s", "ts_type": "univariate", "model": "knn-dtw-sakoe", "test": {"report": {"1": {"precision": 0.9931120851596744, "recall": 0.986318407960199, "f1-score": 0.9897035881435258, "support": 3216.0}, "2": {"precision": 0.9955046996322027, "recall": 0.9977472865041982, "f1-score": 0.996624731512734, "support": 9766.0}, "accuracy": 0.99491603759051, "macro avg": {"precision": 0.9943083923959386, "recall": 0.9920328472321986, "f1-score": 0.9931641598281299, "support": 12982.0}, "weighted avg": {"precision": 0.994911982936497, "recall": 0.99491603759051, "f1-score": 0.99491017311839, "support": 12982.0}}, "fttar": 0.0069356872635561164, "fpr": 1.0, "fdr": 0.0068879148403256105}}
{"time_interval": "15s", "ts_type": "univariate", "model": "lstm", "test": {"report": {"1": {"precision": 0.9990630855715178, "recall": 0.9947139303482587, "f1-score": 0.9968837644125896, "support": 3216.0}, "2": {"precision": 0.9982617586912066, "recall": 0.999692811796027, "f1-score": 0.9989767727412259, "support": 9766.0}, "accuracy": 0.9984594053304575, "macro avg": {"precision": 0.9986624221313622, "recall": 0.9972033710721429, "f1-score": 0.9979302685769078, "support": 12982.0}, "weighted avg": {"precision": 0.9984602694944018, "recall": 0.9984594053304575, "f1-score": 0.9984582767633415, "support": 12982.0}}, "fttar": 0.0009377930603313535, "fpr": 1.0, "fdr": 0.0009369144284821987}}
{"time_interval": "15s", "ts_type": "multivariate", "model": "lstm", "test": {"report": {"1": {"precision": 1.0, "recall": 1.0, "f1-score": 1.0, "support": 3216.0}, "2": {"precision": 1.0, "recall": 1.0, "f1-score": 1.0, "support": 9766.0}, "accuracy": 1.0, "macro avg": {"precision": 1.0, "recall": 1.0, "f1-score": 1.0, "support": 12982.0}, "weighted avg": {"precision": 1.0, "recall": 1.0, "f1-score": 1.0, "support": 12982.0}}, "fttar": 0.0, "fpr": 0, "fdr": 0.0}}
{"time_interval": "15s", "ts_type": "univariate", "model": "knn-dtw-itakura", "test": {"report": {"1": {"precision": 0.9931120851596744, "recall": 0.986318407960199, "f1-score": 0.9897035881435258, "support": 3216.0}, "2": {"precision": 0.9955046996322027, "recall": 0.9977472865041982, "f1-score": 0.996624731512734, "support": 9766.0}, "accuracy": 0.99491603759051, "macro avg": {"precision": 0.9943083923959386, "recall": 0.9920328472321986, "f1-score": 0.9931641598281299, "support": 12982.0}, "weighted avg": {"precision": 0.994911982936497, "recall": 0.99491603759051, "f1-score": 0.99491017311839, "support": 12982.0}}, "fttar": 0.0069356872635561164, "fpr": 1.0, "fdr": 0.0068879148403256105}}
{"time_interval": "15s", "ts_type": "univariate", "model": "lstm", "test": {"report": {"1": {"precision": 0.9981279251170047, "recall": 0.9947139303482587, "f1-score": 0.9964180034262576, "support": 3216.0}, "2": {"precision": 0.9982612253247417, "recall": 0.9993856235920541, "f1-score": 0.9988231080182163, "support": 9766.0}, "accuracy": 0.9982283161300262, "macro avg": {"precision": 0.9981945752208732, "recall": 0.9970497769701564, "f1-score": 0.997620555722237, "support": 12982.0}, "weighted avg": {"precision": 0.998228203181152, "recall": 0.9982283161300262, "f1-score": 0.9982272971749149, "support": 12982.0}}, "fttar": 0.001875586120662707, "fpr": 1.0, "fdr": 0.00187207488299532}}
{"time_interval": "15s", "ts_type": "multivariate", "model": "lstm", "test": {"report": {"1": {"precision": 1.0, "recall": 1.0, "f1-score": 1.0, "support": 3216.0}, "2": {"precision": 1.0, "recall": 1.0, "f1-score": 1.0, "support": 9766.0}, "accuracy": 1.0, "macro avg": {"precision": 1.0, "recall": 1.0, "f1-score": 1.0, "support": 12982.0}, "weighted avg": {"precision": 1.0, "recall": 1.0, "f1-score": 1.0, "support": 12982.0}}, "fttar": 0.0, "fpr": 0, "fdr": 0.0}}
{"time_interval": "15s", "ts_type": "multivariate", "model": "knn-dtw-sakoe", "test": {"report": {"1": {"precision": 1.0, "recall": 1.0, "f1-score": 1.0, "support": 3216.0}, "2": {"precision": 1.0, "recall": 1.0, "f1-score": 1.0, "support": 9766.0}, "accuracy": 1.0, "macro avg": {"precision": 1.0, "recall": 1.0, "f1-score": 1.0, "support": 12982.0}, "weighted avg": {"precision": 1.0, "recall": 1.0, "f1-score": 1.0, "support": 12982.0}}, "fttar": 0.0, "fpr": 0, "fdr": 0.0}}
{"time_interval": "15s", "ts_type": "multivariate", "model": "knn-dtw-itakura", "test": {"report": {"1": {"precision": 1.0, "recall": 1.0, "f1-score": 1.0, "support": 3216.0}, "2": {"precision": 1.0, "recall": 1.0, "f1-score": 1.0, "support": 9766.0}, "accuracy": 1.0, "macro avg": {"precision": 1.0, "recall": 1.0, "f1-score": 1.0, "support": 12982.0}, "weighted avg": {"precision": 1.0, "recall": 1.0, "f1-score": 1.0, "support": 12982.0}}, "fttar": 0.0, "fpr": 0, "fdr": 0.0}}

{"time_interval": "15s", "ts_type": "univariate", "model": "knn-dtw-sakoe", "test": {"report": {"1": {"precision": 0.9915782907049283, "recall": 0.9884950248756219, "f1-score": 0.990034257240735, "support": 3216.0}, "2": {"precision": 0.9962152209492635, "recall": 0.9972353061642433, "f1-score": 0.9967250025585918, "support": 9766.0}, "accuracy": 0.9950700970574642, "macro avg": {"precision": 0.9938967558270959, "recall": 0.9928651655199325, "f1-score": 0.9933796298996633, "support": 12982.0}, "weighted avg": {"precision": 0.9950665252424554, "recall": 0.9950700970574642, "f1-score": 0.9950675201258211, "support": 12982.0}}, "fttar": 0.008493236866939289, "fpr": 1.0, "fdr": 0.00842170929507174}}
{"time_interval": "15s", "ts_type": "univariate", "model": "knn-dtw-itakura", "test": {"report": {"1": {"precision": 0.9915782907049283, "recall": 0.9884950248756219, "f1-score": 0.990034257240735, "support": 3216.0}, "2": {"precision": 0.9962152209492635, "recall": 0.9972353061642433, "f1-score": 0.9967250025585918, "support": 9766.0}, "accuracy": 0.9950700970574642, "macro avg": {"precision": 0.9938967558270959, "recall": 0.9928651655199325, "f1-score": 0.9933796298996633, "support": 12982.0}, "weighted avg": {"precision": 0.9950665252424554, "recall": 0.9950700970574642, "f1-score": 0.9950675201258211, "support": 12982.0}}, "fttar": 0.008493236866939289, "fpr": 1.0, "fdr": 0.00842170929507174}}
{"time_interval": "15s", "ts_type": "multivariate", "model": "knn-dtw-sakoe", "test": {"report": {"1": {"precision": 1.0, "recall": 0.9993781094527363, "f1-score": 0.9996889580093312, "support": 3216.0}, "2": {"precision": 0.9997952497952498, "recall": 1.0, "f1-score": 0.9998976144158902, "support": 9766.0}, "accuracy": 0.9998459405330458, "macro avg": {"precision": 0.9998976248976249, "recall": 0.9996890547263682, "f1-score": 0.9997932862126107, "support": 12982.0}, "weighted avg": {"precision": 0.9998459720767532, "recall": 0.9998459405330458, "f1-score": 0.9998459244602983, "support": 12982.0}}, "fttar": 0.0, "fpr": 0, "fdr": 0.0}}
{"time_interval": "15s", "ts_type": "multivariate", "model": "knn-dtw-itakura", "test": {"report": {"1": {"precision": 1.0, "recall": 0.9993781094527363, "f1-score": 0.9996889580093312, "support": 3216.0}, "2": {"precision": 0.9997952497952498, "recall": 1.0, "f1-score": 0.9998976144158902, "support": 9766.0}, "accuracy": 0.9998459405330458, "macro avg": {"precision": 0.9998976248976249, "recall": 0.9996890547263682, "f1-score": 0.9997932862126107, "support": 12982.0}, "weighted avg": {"precision": 0.9998459720767532, "recall": 0.9998459405330458, "f1-score": 0.9998459244602983, "support": 12982.0}}, "fttar": 0.0, "fpr": 0, "fdr": 0.0}}

{"time_interval": "15s", "ts_type": "univariate", "model": "knn-dtw-soft", "test": {"report": {"1": {"precision": 0.9930882814954446, "recall": 0.9828980099502488, "f1-score": 0.9879668698234099, "support": 3216.0}, "2": {"precision": 0.9943871823655475, "recall": 0.9977472865041982, "f1-score": 0.9960644007155635, "support": 9766.0}, "accuracy": 0.9940687105222616, "macro avg": {"precision": 0.9937377319304961, "recall": 0.9903226482272235, "f1-score": 0.9920156352694867, "support": 12982.0}, "weighted avg": {"precision": 0.9940654087406628, "recall": 0.9940687105222616,