{"time_interval": "45s", "ts_type": "univariate", "model": "knn-dtw-sakoe", "test": {"report": {"1": {"precision": 0.9917948717948718, "recall": 0.8879706152433425, "f1-score": 0.937015503875969, "support": 1089.0}, "2": {"precision": 0.9648212226066898, "recall": 0.9976147883124628, "f1-score": 0.9809440046907065, "support": 3354.0}, "accuracy": 0.9707404906594643, "macro avg": {"precision": 0.9783080472007808, "recall": 0.9427927017779026, "f1-score": 0.9589797542833378, "support": 4443.0}, "weighted avg": {"precision": 0.9714325896933271, "recall": 0.9707404906594643, "f1-score": 0.9701769244775061, "support": 4443.0}}, "fttar": 0.008273009307135471, "fpr": 1.0, "fdr": 0.008205128205128205}}
{"time_interval": "45s", "ts_type": "univariate", "model": "knn-dtw-itakura", "test": {"report": {"1": {"precision": 0.9917948717948718, "recall": 0.8879706152433425, "f1-score": 0.937015503875969, "support": 1089.0}, "2": {"precision": 0.9648212226066898, "recall": 0.9976147883124628, "f1-score": 0.9809440046907065, "support": 3354.0}, "accuracy": 0.9707404906594643, "macro avg": {"precision": 0.9783080472007808, "recall": 0.9427927017779026, "f1-score": 0.9589797542833378, "support": 4443.0}, "weighted avg": {"precision": 0.9714325896933271, "recall": 0.9707404906594643, "f1-score": 0.9701769244775061, "support": 4443.0}}, "fttar": 0.008273009307135471, "fpr": 1.0, "fdr": 0.008205128205128205}}
{"time_interval": "45s", "ts_type": "multivariate", "model": "knn-dtw-sakoe", "test": {"report": {"1": {"precision": 0.9990825688073395, "recall": 1.0, "f1-score": 0.9995410738871042, "support": 1089.0}, "2": {"precision": 1.0, "recall": 0.9997018485390579, "f1-score": 0.999850902042642, "support": 3354.0}, "accuracy": 0.9997749268512266, "macro avg": {"precision": 0.9995412844036697, "recall": 0.9998509242695289, "f1-score": 0.9996959879648731, "support": 4443.0}, "weighted avg": {"precision": 0.999775133340354, "recall": 0.9997749268512266, "f1-score": 0.999774961718226, "support": 4443.0}}, "fttar": 0.0009182736455463728, "fpr": 1.0, "fdr": 0.0009174311926605505}}
{"time_interval": "45s", "ts_type": "multivariate", "model": "knn-dtw-itakura", "test": {"report": {"1": {"precision": 0.9990825688073395, "recall": 1.0, "f1-score": 0.9995410738871042, "support": 1089.0}, "2": {"precision": 1.0, "recall": 0.9997018485390579, "f1-score": 0.999850902042642, "support": 3354.0}, "accuracy": 0.9997749268512266, "macro avg": {"precision": 0.9995412844036697, "recall": 0.9998509242695289, "f1-score": 0.9996959879648731, "support": 4443.0}, "weighted avg": {"precision": 0.999775133340354, "recall": 0.9997749268512266, "f1-score": 0.999774961718226, "support": 4443.0}}, "fttar": 0.0009182736455463728, "fpr": 1.0, "fdr": 0.0009174311926605505}}

{"time_interval": "45s", "ts_type": "univariate", "model": "knn-dtw-soft", "test": {"report": {"1": {"precision": 0.9958202716823407, "recall": 0.8751147842056933, "f1-score": 0.9315738025415444, "support": 1089.0}, "2": {"precision": 0.9609868043602984, "recall": 0.9988073941562313, "f1-score": 0.97953216374269, "support": 3354.0}, "accuracy": 0.9684897591717309, "macro avg": {"precision": 0.9784035380213195, "recall": 0.9369610891809623, "f1-score": 0.9555529831421172, "support": 4443.0}, "weighted avg": {"precision": 0.9695246494905491, "recall": 0.9684897591717309, "f1-score": 0.9677773459736044, "support": 4443.0}}, "fttar": 0.004197271773347324, "fpr": 1.0, "fdr": 0.0041797283176593526}}
{"time_interval": "45s", "ts_type": "multivariate", "model": "knn-dtw-soft", "test": {"report": {"1": {"precision": 0.9963403476669717, "recall": 1.0, "f1-score": 0.998166819431714, "support": 1089.0}, "2": {"precision": 1.0, "recall": 0.9988073941562313, "f1-score": 0.9994033412887828, "support": 3354.0}, "accuracy": 0.9990997074049066, "macro avg": {"precision": 0.9981701738334858, "recall": 0.9994036970781157, "f1-score": 0.9987850803602485, "support": 4443.0}, "weighted avg": {"precision": 0.9991030021628026, "recall": 0.9990997074049066, "f1-score": 0.9991002640206424, "support": 4443.0}}, "fttar": 0.0036730945821854912, "fpr": 1.0, "fdr": 0.0036596523330283625}}

{"time_interval": "45s", "ts_type": "univariate", "model": "knn-euclidean", "test": {"report": {"1": {"precision": 0.9958202716823407, "recall": 0.8751147842056933, "f1-score": 0.9315738025415444, "support": 1089.0}, "2": {"precision": 0.9609868043602984, "recall": 0.9988073941562313, "f1-score": 0.97953216374269, "support": 3354.0}, "accuracy": 0.9684897591717309, "macro avg": {"precision": 0.9784035380213195, "recall": 0.9369610891809623, "f1-score": 0.9555529831421172, "support": 4443.0}, "weighted avg": {"precision": 0.9695246494905491, "recall": 0.9684897591717309, "f1-score": 0.9677773459736044, "support": 4443.0}}, "fttar": 0.004197271773347324, "fpr": 1.0, "fdr": 0.0041797283176593526}}
{"time_interval": "45s", "ts_type": "multivariate", "model": "knn-euclidean", "test": {"report": {"1": {"precision": 0.9963403476669717, "recall": 1.0, "f1-score": 0.998166819431714, "support": 1089.0}, "2": {"precision": 1.0, "recall": 0.9988073941562313, "f1-score": 0.9994033412887828, "support": 3354.0}, "accuracy": 0.9990997074049066, "macro avg": {"precision": 0.9981701738334858, "recall": 0.9994036970781157, "f1-score": 0.9987850803602485, "support": 4443.0}, "weighted avg": {"precision": 0.9991030021628026, "recall": 0.9990997074049066, "f1-score": 0.9991002640206424, "support": 4443.0}}, "fttar": 0.0036730945821854912, "fpr": 1.0, "fdr": 0.0036596523330283625}}
{"time_interval": "45s", "ts_type": "univariate", "model": "knn-dtw", "test": {"report": {"1": {"precision": 0.9890510948905109, "recall": 0.9954086317722681, "f1-score": 0.9922196796338673, "support": 1089.0}, "2": {"precision": 0.9985061248879593, "recall": 0.9964221824686941, "f1-score": 0.9974630652141472, "support": 3354.0}, "accuracy": 0.996173756470853, "macro avg": {"precision": 0.9937786098892352, "recall": 0.9959154071204811, "f1-score": 0.9948413724240073, "support": 4443.0}, "weighted avg": {"precision": 0.9961886529844659, "recall": 0.996173756470853, "f1-score": 0.9961778869794129, "support": 4443.0}}, "fttar": 0.01107011070110701, "fpr": 1.0, "fdr": 0.010948905109489052}}
{"time_interval": "45s", "ts_type": "multivariate", "model": "knn-dtw", "test": {"report": {"1": {"precision": 1.0, "recall": 0.9981634527089073, "f1-score": 0.9990808823529411, "support": 1089.0}, "2": {"precision": 0.9994040524433849, "recall": 1.0, "f1-score": 0.9997019374068554, "support": 3354.0}, "accuracy": 0.9995498537024533, "macro avg": {"precision": 0.9997020262216925, "recall": 0.9990817263544536, "f1-score": 0.9993914098798983, "support": 4443.0}, "weighted avg": {"precision": 0.9995501219660394, "recall": 0.9995498537024533, "f1-score": 0.9995497139196368, "support": 4443.0}}, "fttar": 0.0, "fpr": 0, "fdr": 0.0}}

{"time_interval": "45s", "ts_type": "univariate", "model": "lstm", "test": {"report": {"1": {"precision": 0.9990791896869244, "recall": 0.9963269054178145, "f1-score": 0.9977011494252873, "support": 1089.0}, "2": {"precision": 0.9988084599344653, "recall": 0.9997018485390579, "f1-score": 0.9992549545522277, "support": 3354.0}, "accuracy": 0.9988746342561332, "macro avg": {"precision": 0.9989438248106949, "recall": 0.9980143769784362, "f1-score": 0.9984780519887575, "support": 4443.0}, "weighted avg": {"precision": 0.9988748170581268, "recall": 0.9988746342561332, "f1-score": 0.9988741096764144, "support": 4443.0}}, "fttar": 0.0009216589861751152, "fpr": 1.0, "fdr": 0.0009208103130755065}, "prod": {"report": {"1": {"precision": 1.0, "recall": 0.6924606120597212, "f1-score": 0.8182885995993703, "support": 363690.0}, "2": {"precision": 0.0, "recall": 0.0, "f1-score": 0.0, "support": 0.0}, "accuracy": 0.6924606120597212, "macro avg": {"precision": 0.5, "recall": 0.3462303060298606, "f1-score": 0.40914429979968514, "support": 363690.0}, "weighted avg": {"precision": 1.0, "recall": 0.6924606120597212,