{"time_interval": "30s", "ts_type": "univariate", "model": "knn-dtw-sakoe", "test": {"report": {"1": {"precision": 0.9904092071611253, "recall": 0.9491421568627451, "f1-score": 0.9693366708385481, "support": 1632.0}, "2": {"precision": 0.9836710603974032, "recall": 0.9970089730807578, "f1-score": 0.9902951079421668, "support": 5015.0}, "accuracy": 0.9852565066947495, "macro avg": {"precision": 0.9870401337792643, "recall": 0.9730755649717514, "f1-score": 0.9798158893903575, "support": 6647.0}, "weighted avg": {"precision": 0.9853254391424603, "recall": 0.9852565066947495, "f1-score": 0.9851493024128896, "support": 6647.0}}, "fttar": 0.009683666881859263, "fpr": 1.0, "fdr": 0.00959079283887468}}
{"time_interval": "30s", "ts_type": "univariate", "model": "lstm", "test": {"report": {"1": {"precision": 0.9975475168608215, "recall": 0.9969362745098039, "f1-score": 0.9972418020226785, "support": 1632.0}, "2": {"precision": 0.9990031897926634, "recall": 0.9992023928215354, "f1-score": 0.999102781377729, "support": 5015.0}, "accuracy": 0.9986460057168648, "macro avg": {"precision": 0.9982753533267426, "recall": 0.9980693336656696, "f1-score": 0.9981722917002038, "support": 6647.0}, "weighted avg": {"precision": 0.9986457867198837, "recall": 0.9986460057168648, "f1-score": 0.9986458657304532, "support": 6647.0}}, "fttar": 0.002458512599877074, "fpr": 1.0, "fdr": 0.002452483139178418}}
{"time_interval": "30s", "ts_type": "multivariate", "model": "lstm", "test": {"report": {"1": {"precision": 1.0, "recall": 0.9981617647058824, "f1-score": 0.9990800367985281, "support": 1632.0}, "2": {"precision": 0.9994021522518932, "recall": 1.0, "f1-score": 0.9997009867437456, "support": 5015.0}, "accuracy": 0.9995486685722883, "macro avg": {"precision": 0.9997010761259466, "recall": 0.9990808823529411, "f1-score": 0.9993905117711368, "support": 6647.0}, "weighted avg": {"precision": 0.999548938399766, "recall": 0.9995486685722883, "f1-score": 0.9995485284451755, "support": 6647.0}}, "fttar": 0.0, "fpr": 0, "fdr": 0.0}}
{"time_interval": "30s", "ts_type": "univariate", "model": "knn-dtw-itakura", "test": {"report": {"1": {"precision": 0.9904092071611253, "recall": 0.9491421568627451, "f1-score": 0.9693366708385481, "support": 1632.0}, "2": {"precision": 0.9836710603974032, "recall": 0.9970089730807578, "f1-score": 0.9902951079421668, "support": 5015.0}, "accuracy": 0.9852565066947495, "macro avg": {"precision": 0.9870401337792643, "recall": 0.9730755649717514, "f1-score": 0.9798158893903575, "support": 6647.0}, "weighted avg": {"precision": 0.9853254391424603, "recall": 0.9852565066947495, "f1-score": 0.9851493024128896, "support": 6647.0}}, "fttar": 0.009683666881859263, "fpr": 1.0, "fdr": 0.00959079283887468}}
{"time_interval": "30s", "ts_type": "univariate", "model": "lstm", "test": {"report": {"1": {"precision": 0.9986513823331086, "recall": 0.9074754901960784, "f1-score": 0.9508828250401284, "support": 1632.0}, "2": {"precision": 0.9707591014717274, "recall": 0.9996011964107677, "f1-score": 0.9849690539345711, "support": 5015.0}, "accuracy": 0.9769820971867008, "macro avg": {"precision": 0.984705241902418, "recall": 0.953538343303423, "f1-score": 0.9679259394873498, "support": 6647.0}, "weighted avg": {"precision": 0.9776073341128849, "recall": 0.9769820971867008, "f1-score": 0.9766000565589534, "support": 6647.0}}, "fttar": 0.0013504388926401081, "fpr": 1.0, "fdr": 0.0013486176668914363}}
{"time_interval": "30s", "ts_type": "multivariate", "model": "lstm", "test": {"report": {"1": {"precision": 1.0, "recall": 1.0, "f1-score": 1.0, "support": 1632.0}, "2": {"precision": 1.0, "recall": 1.0, "f1-score": 1.0, "support": 5015.0}, "accuracy": 1.0, "macro avg": {"precision": 1.0, "recall": 1.0, "f1-score": 1.0, "support": 6647.0}, "weighted avg": {"precision": 1.0, "recall": 1.0, "f1-score": 1.0, "support": 6647.0}}, "fttar": 0.0, "fpr": 0, "fdr": 0.0}}
{"time_interval": "30s", "ts_type": "multivariate", "model": "knn-dtw-sakoe", "test": {"report": {"1": {"precision": 0.9975550122249389, "recall": 1.0, "f1-score": 0.9987760097919217, "support": 1632.0}, "2": {"precision": 1.0, "recall": 0.9992023928215354, "f1-score": 0.9996010373030122, "support": 5015.0}, "accuracy": 0.999398224763051, "macro avg": {"precision": 0.9987775061124695, "recall": 0.9996011964107677, "f1-score": 0.9991885235474669, "support": 6647.0}, "weighted avg": {"precision": 0.9993996960961486, "recall": 0.999398224763051, "f1-score": 0.999398473003614, "support": 6647.0}}, "fttar": 0.0024509803921568627, "fpr": 1.0, "fdr": 0.0024449877750611247}}
{"time_interval": "30s", "ts_type": "multivariate", "model": "knn-dtw-itakura", "test": {"report": {"1": {"precision": 0.9975550122249389, "recall": 1.0, "f1-score": 0.9987760097919217, "support": 1632.0}, "2": {"precision": 1.0, "recall": 0.9992023928215354, "f1-score": 0.9996010373030122, "support": 5015.0}, "accuracy": 0.999398224763051, "macro avg": {"precision": 0.9987775061124695, "recall": 0.9996011964107677, "f1-score": 0.9991885235474669, "support": 6647.0}, "weighted avg": {"precision": 0.9993996960961486, "recall": 0.999398224763051, "f1-score": 0.999398473003614, "support": 6647.0}}, "fttar": 0.0024509803921568627, "fpr": 1.0, "fdr": 0.0024449877750611247}}

{"time_interval": "30s", "ts_type": "univariate", "model": "knn-dtw-sakoe", "test": {"report": {"1": {"precision": 0.994256541161455, "recall": 0.9546568627450981, "f1-score": 0.9740543919974992, "support": 1632.0}, "2": {"precision": 0.9854330708661417, "recall": 0.9982053838484546, "f1-score": 0.9917781079742447, "support": 5015.0}, "accuracy": 0.9875131638333082, "macro avg": {"precision": 0.9898448060137983, "recall": 0.9764311232967764, "f1-score": 0.9829162499858719, "support": 6647.0}, "weighted avg": {"precision": 0.987599447204633, "recall": 0.9875131638333082, "f1-score": 0.9874265050745834, "support": 6647.0}}, "fttar": 0.005776636713735558, "fpr": 1.0, "fdr": 0.00574345883854499}}
{"time_interval": "30s", "ts_type": "univariate", "model": "knn-dtw-itakura", "test": {"report": {"1": {"precision": 0.994256541161455, "recall": 0.9546568627450981, "f1-score": 0.9740543919974992, "support": 1632.0}, "2": {"precision": 0.9854330708661417, "recall": 0.9982053838484546, "f1-score": 0.9917781079742447, "support": 5015.0}, "accuracy": 0.9875131638333082, "macro avg": {"precision": 0.9898448060137983, "recall": 0.9764311232967764, "f1-score": 0.9829162499858719, "support": 6647.0}, "weighted avg": {"precision": 0.987599447204633, "recall": 0.9875131638333082, "f1-score": 0.9874265050745834, "support": 6647.0}}, "fttar": 0.005776636713735558, "fpr": 1.0, "fdr": 0.00574345883854499}}
{"time_interval": "30s", "ts_type": "multivariate", "model": "knn-dtw-sakoe", "test": {"report": {"1": {"precision": 1.0, "recall": 1.0, "f1-score": 1.0, "support": 1632.0}, "2": {"precision": 1.0, "recall": 1.0, "f1-score": 1.0, "support": 5015.0}, "accuracy": 1.0, "macro avg": {"precision": 1.0, "recall": 1.0, "f1-score": 1.0, "support": 6647.0}, "weighted avg": {"precision": 1.0, "recall": 1.0, "f1-score": 1.0, "support": 6647.0}}, "fttar": 0.0, "fpr": 0, "fdr": 0.0}}
{"time_interval": "30s", "ts_type": "multivariate", "model": "knn-dtw-itakura", "test": {"report": {"1": {"precision": 1.0, "recall": 1.0, "f1-score": 1.0, "support": 1632.0}, "2": {"precision": 1.0, "recall": 1.0, "f1-score": 1.0, "support": 5015.0}, "accuracy": 1.0, "macro avg": {"precision": 1.0, "recall": 1.0, "f1-score": 1.0, "support": 6647.0}, "weighted avg": {"precision": 1.0, "recall": 1.0, "f1-score": 1.0, "support": 6647.0}}, "fttar": 0.0, "fpr": 0, "fdr": 0.0}}

{"time_interval": "30s", "ts_type": "univariate", "model": "knn-dtw-soft", "test": {"report": {"1": {"precision": 0.9954604409857328, "recall": 0.9405637254901961, "f1-score": 0.9672337744171392, "support": 1632.0}, "2": {"precision": 0.9809990205680705, "recall": 0.998604187437687, "f1-score": 0.9897233201581027, "support": 5015.0}, "accuracy": 0.984353843839326,