{"time_interval": "45s", "ts_type": "univariate", "model": "knn-dtw-sakoe", "test": {"report": {"1": {"precision": 0.9978947368421053, "recall": 0.8705234159779615, "f1-score": 0.9298675821481118, "support": 1089.0}, "2": {"precision": 0.9596335528199256, "recall": 0.9994036970781157, "f1-score": 0.9791149408500073, "support": 3354.0}, "accuracy": 0.9678145397254108, "macro avg": {"precision": 0.9787641448310154, "recall": 0.9349635565280385, "f1-score": 0.9544912614990595, "support": 4443.0}, "weighted avg": {"precision": 0.9690115472831606, "recall": 0.9678145397254108, "f1-score": 0.9670441837880303, "support": 4443.0}}, "fttar": 0.002109704641350211, "fpr": 1.0, "fdr": 0.002105263157894737}}
{"time_interval": "45s", "ts_type": "univariate", "model": "lstm", "test": {"report": {"1": {"precision": 0.9990740740740741, "recall": 0.9908172635445363, "f1-score": 0.9949285384970032, "support": 1089.0}, "2": {"precision": 0.9970264644662503, "recall": 0.9997018485390579, "f1-score": 0.9983623641506625, "support": 3354.0}, "accuracy": 0.9975241953634931, "macro avg": {"precision": 0.9980502692701623, "recall": 0.995259556041797, "f1-score": 0.9966454513238329, "support": 4443.0}, "weighted avg": {"precision": 0.99752834312097, "recall": 0.9975241953634931, "f1-score": 0.9975207174847084, "support": 4443.0}}, "fttar": 0.0009267840593141798, "fpr": 1.0, "fdr": 0.000925925925925926}}
{"time_interval": "45s", "ts_type": "multivariate", "model": "lstm", "test": {"report": {"1": {"precision": 1.0, "recall": 0.9954086317722681, "f1-score": 0.9976990335941095, "support": 1089.0}, "2": {"precision": 0.9985114617445668, "recall": 1.0, "f1-score": 0.999255176523164, "support": 3354.0}, "accuracy": 0.9988746342561332, "macro avg": {"precision": 0.9992557308722834, "recall": 0.9977043158861341, "f1-score": 0.9984771050586367, "support": 4443.0}, "weighted avg": {"precision": 0.9988763094060943, "recall": 0.9988746342561332, "f1-score": 0.9988737586411609, "support": 4443.0}}, "fttar": 0.0, "fpr": 0, "fdr": 0.0}}
{"time_interval": "45s", "ts_type": "univariate", "model": "knn-dtw-itakura", "test": {"report": {"1": {"precision": 0.9978947368421053, "recall": 0.8705234159779615, "f1-score": 0.9298675821481118, "support": 1089.0}, "2": {"precision": 0.9596335528199256, "recall": 0.9994036970781157, "f1-score": 0.9791149408500073, "support": 3354.0}, "accuracy": 0.9678145397254108, "macro avg": {"precision": 0.9787641448310154, "recall": 0.9349635565280385, "f1-score": 0.9544912614990595, "support": 4443.0}, "weighted avg": {"precision": 0.9690115472831606, "recall": 0.9678145397254108, "f1-score": 0.9670441837880303, "support": 4443.0}}, "fttar": 0.002109704641350211, "fpr": 1.0, "fdr": 0.002105263157894737}}
{"time_interval": "45s", "ts_type": "univariate", "model": "lstm", "test": {"report": {"1": {"precision": 0.9972451790633609, "recall": 0.9972451790633609, "f1-score": 0.9972451790633609, "support": 1089.0}, "2": {"precision": 0.9991055456171736, "recall": 0.9991055456171736, "f1-score": 0.9991055456171736, "support": 3354.0}, "accuracy": 0.9986495611073599, "macro avg": {"precision": 0.9981753623402672, "recall": 0.9981753623402672, "f1-score": 0.9981753623402672, "support": 4443.0}, "weighted avg": {"precision": 0.9986495611073599, "recall": 0.9986495611073599, "f1-score": 0.9986495611073599, "support": 4443.0}}, "fttar": 0.0027624309392265192, "fpr": 1.0, "fdr": 0.0027548209366391185}}
{"time_interval": "45s", "ts_type": "multivariate", "model": "lstm", "test": {"report": {"1": {"precision": 1.0, "recall": 1.0, "f1-score": 1.0, "support": 1089.0}, "2": {"precision": 1.0, "recall": 1.0, "f1-score": 1.0, "support": 3354.0}, "accuracy": 1.0, "macro avg": {"precision": 1.0, "recall": 1.0, "f1-score": 1.0, "support": 4443.0}, "weighted avg": {"precision": 1.0, "recall": 1.0, "f1-score": 1.0, "support": 4443.0}}, "fttar": 0.0, "fpr": 0, "fdr": 0.0}}
{"time_interval": "45s", "ts_type": "multivariate", "model": "knn-dtw-sakoe", "test": {"report": {"1": {"precision": 1.0, "recall": 1.0, "f1-score": 1.0, "support": 1089.0}, "2": {"precision": 1.0, "recall": 1.0, "f1-score": 1.0, "support": 3354.0}, "accuracy": 1.0, "macro avg": {"precision": 1.0, "recall": 1.0, "f1-score": 1.0, "support": 4443.0}, "weighted avg": {"precision": 1.0, "recall": 1.0, "f1-score": 1.0, "support": 4443.0}}, "fttar": 0.0, "fpr": 0, "fdr": 0.0}}
{"time_interval": "45s", "ts_type": "multivariate", "model": "knn-dtw-itakura", "test": {"report": {"1": {"precision": 1.0, "recall": 1.0, "f1-score": 1.0, "support": 1089.0}, "2": {"precision": 1.0, "recall": 1.0, "f1-score": 1.0, "support": 3354.0}, "accuracy": 1.0, "macro avg": {"precision": 1.0, "recall": 1.0, "f1-score": 1.0, "support": 4443.0}, "weighted avg": {"precision": 1.0, "recall": 1.0, "f1-score": 1.0, "support": 4443.0}}, "fttar": 0.0, "fpr": 0, "fdr": 0.0}}

{"time_interval": "45s", "ts_type": "univariate", "model": "knn-dtw-sakoe", "test": {"report": {"1": {"precision": 0.9917948717948718, "recall": 0.8879706152433425, "f1-score": 0.937015503875969, "support": 1089.0}, "2": {"precision": 0.9648212226066898, "recall": 0.9976147883124628, "f1-score": 0.9809440046907065, "support": 3354.0}, "accuracy": 0.9707404906594643, "macro avg": {"precision": 0.9783080472007808, "recall": 0.9427927017779026, "f1-score": 0.9589797542833378, "support": 4443.0}, "weighted avg": {"precision": 0.9714325896933271, "recall": 0.9707404906594643, "f1-score": 0.9701769244775061, "support": 4443.0}}, "fttar": 0.008273009307135471, "fpr": 1.0, "fdr": 0.008205128205128205}}
{"time_interval": "45s", "ts_type": "univariate", "model": "knn-dtw-itakura", "test": {"report": {"1": {"precision": 0.9917948717948718, "recall": 0.8879706152433425, "f1-score": 0.937015503875969, "support": 1089.0}, "2": {"precision": 0.9648212226066898, "recall": 0.9976147883124628, "f1-score": 0.9809440046907065, "support": 3354.0}, "accuracy": 0.9707404906594643, "macro avg": {"precision": 0.9783080472007808, "recall": 0.9427927017779026, "f1-score": 0.9589797542833378, "support": 4443.0}, "weighted avg": {"precision": 0.9714325896933271, "recall": 0.9707404906594643, "f1-score": 0.9701769244775061, "support": 4443.0}}, "fttar": 0.008273009307135471, "fpr": 1.0, "fdr": 0.008205128205128205}}
{"time_interval": "45s", "ts_type": "multivariate", "model": "knn-dtw-sakoe", "test": {"report": {"1": {"precision": 0.9990825688073395, "recall": 1.0, "f1-score": 0.9995410738871042, "support": 1089.0}, "2": {"precision": 1.0, "recall": 0.9997018485390579, "f1-score": 0.999850902042642, "support": 3354.0}, "accuracy": 0.9997749268512266, "macro avg": {"precision": 0.9995412844036697, "recall": 0.9998509242695289, "f1-score": 0.9996959879648731, "support": 4443.0}, "weighted avg": {"precision": 0.999775133340354, "recall": 0.9997749268512266, "f1-score": 0.999774961718226, "support": 4443.0}}, "fttar": 0.0009182736455463728, "fpr": 1.0, "fdr": 0.0009174311926605505}}
{"time_interval": "45s", "ts_type": "multivariate", "model": "knn-dtw-itakura", "test": {"report": {"1": {"precision": 0.9990825688073395, "recall": 1.0, "f1-score": 0.9995410738871042, "support": 1089.0}, "2": {"precision": 1.0, "recall": 0.9997018485390579, "f1-score": 0.999850902042642, "support": 3354.0}, "accuracy": 0.9997749268512266, "macro avg": {"precision": 0.9995412844036697, "recall": 0.9998509242695289, "f1-score": 0.9996959879648731, "support": 4443.0}, "weighted avg": {"precision": 0.999775133340354, "recall": 0.9997749268512266, "f1-score": 0.999774961718226, "support": 4443.0}}, "fttar": 0.0009182736455463728, "fpr": 1.0, "fdr": 0.0009174311926605505}}

{"time_interval": "45s", "ts_type": "univariate", "model": "knn-dtw-soft", "test": {"report": {"1": {"precision": 0.9958202716823407, "recall": 0.8751147842056933, "f1-score": 0.9315738025415444, "support": 1089.0}, "2": {"precision": 0.9609868043602984, "recall": 0.9988073941562313, "f1-score": 0.97953216374269, "support": 3354.0}, "accuracy": 0.9684897591717309,